CustomerID,Name,Age,TotalSpend ($),Email
1,Jennifer Green,53,2404,jennifer.green@example.com
2,Mr. Isaiah Martin,44,1566,mr..isaiah.martin@example.com
3,Stephanie Moore,33,4151,stephanie.moore@example.com
4,Pamela Spencer,49,4226,pamela.spencer@example.com
5,William Lindsey,46,4134,william.lindsey@example.com
6,Tammy Johnson,44,9979,tammy.johnson@example.com
7,Debra Henderson,27,7875,debra.henderson@example.com
8,James Zamora,38,5841,james.zamora@example.com
9,Haley Moore,29,2491,haley.moore@example.com
10,Ryan Obrien,40,5001,ryan.obrien@example.com
11,John Lewis,25,2416,john.lewis@example.com
12,Kaitlyn Carney,52,7751,kaitlyn.carney@example.com
13,Dr. Scott Cuevas,50,9771,dr..scott.cuevas@example.com
14,Mary Reed,58,4734,mary.reed@example.com
15,Joann Stark,39,2087,joann.stark@example.com
16,Larry Gates,44,8564,larry.gates@example.com
17,Michael Lawrence PhD,44,2399,michael.lawrence.phd@example.com
18,Teresa Ross,37,1853,teresa.ross@example.com
19,Christina Nguyen,34,4527,christina.nguyen@example.com
20,Kimberly Farmer,56,9749,kimberly.farmer@example.com
21,Mary Crawford,56,9809,mary.crawford@example.com
22,Jacob Patterson,34,2171,jacob.patterson@example.com
23,Michael Moore,59,2697,michael.moore@example.com
24,Michael Trujillo,55,1733,michael.trujillo@example.com
25,Sherry Hoover,25,6067,sherry.hoover@example.com
26,Tracy Williams,55,6513,tracy.williams@example.com
27,Monica Bentley,52,3439,monica.bentley@example.com
28,Curtis Davis,24,2201,curtis.davis@example.com
29,Joshua Kaiser Jr.,44,3551,joshua.kaiser.jr.@example.com
30,John Diaz,31,8735,john.diaz@example.com
31,Robert Myers,29,1906,robert.myers@example.com
32,Kelly Brown,43,1029,kelly.brown@example.com
33,Timothy Reynolds,21,736,timothy.reynolds@example.com
34,Sarah Tate,28,9442,sarah.tate@example.com
35,Susan Byrd,29,7926,susan.byrd@example.com
36,Alexander Gibbs,31,1158,alexander.gibbs@example.com
37,Dwayne Bell,37,7411,dwayne.bell@example.com
38,Charles Andrews,48,1510,charles.andrews@example.com
39,Shannon Fischer,64,2234,shannon.fischer@example.com
40,Aaron Gregory,50,5173,aaron.gregory@example.com
41,Edward Walker MD,28,9751,edward.walker.md@example.com
42,Thomas Cruz,61,6934,thomas.cruz@example.com
43,John Nguyen,24,8166,john.nguyen@example.com
44,Danielle Foster,29,5282,danielle.foster@example.com
45,Taylor Mcguire,36,7001,taylor.mcguire@example.com
46,Jennifer Carter,21,925,jennifer.carter@example.com
47,Jill Coleman,31,9022,jill.coleman@example.com
48,Meagan Welch,35,1639,meagan.welch@example.com
49,Nicholas Best,61,6487,nicholas.best@example.com
50,Jeremiah Walter,34,8888,jeremiah.walter@example.com
51,Stephanie Randall,36,3453,stephanie.randall@example.com
52,Tamara Stewart,33,8464,tamara.stewart@example.com
53,Rick Stephens,44,6920,rick.stephens@example.com
54,Sean Long,25,7779,sean.long@example.com
55,Jason Henry,29,5922,jason.henry@example.com
56,Alicia Griffin,47,3557,alicia.griffin@example.com
57,Jacqueline Crawford,63,7672,jacqueline.crawford@example.com
58,Shawn Porter,24,5158,shawn.porter@example.com
59,Sophia Hammond,32,7699,sophia.hammond@example.com
60,Mikayla Meadows,42,9485,mikayla.meadows@example.com
61,Aaron James,36,9850,aaron.james@example.com
62,Matthew Williams,47,4364,matthew.williams@example.com
63,Stephanie Brown,51,2059,stephanie.brown@example.com
64,Jennifer Bennett,32,7143,jennifer.bennett@example.com
65,Hailey Woods,60,6182,hailey.woods@example.com
66,Karen Maxwell,48,6555,karen.maxwell@example.com
67,Angela Gray,21,8201,angela.gray@example.com
68,Brian Young,36,2490,brian.young@example.com
69,Deanna Gonzales,24,3875,deanna.gonzales@example.com
70,Rachel Carey,59,7995,rachel.carey@example.com
71,Samantha Steele,40,1483,samantha.steele@example.com
72,Randy Carroll,32,4160,randy.carroll@example.com
73,Anna Martin,22,4244,anna.martin@example.com
74,Alicia Price,45,1631,alicia.price@example.com
75,Dawn Davis,29,6912,dawn.davis@example.com
76,Ronnie Munoz,26,8498,ronnie.munoz@example.com
77,Tracy Buck,24,9011,tracy.buck@example.com
78,Lauren Travis DVM,44,4333,lauren.travis.dvm@example.com
79,Megan Johnson,33,2309,megan.johnson@example.com
80,Alan Martinez,36,5672,alan.martinez@example.com
81,Melissa Weaver,32,5090,melissa.weaver@example.com
82,Julie Hudson,28,5123,julie.hudson@example.com
83,Gabriel Garza,60,4238,gabriel.garza@example.com
84,Ernest Mathis,51,6741,ernest.mathis@example.com
85,Susan Mendez,39,8254,susan.mendez@example.com
86,Kayla Vazquez,35,5879,kayla.vazquez@example.com
87,Nicholas Edwards,58,7740,nicholas.edwards@example.com
88,Denise Campbell,36,7494,denise.campbell@example.com
89,Michelle Rodriguez,60,9882,michelle.rodriguez@example.com
90,Andrew Simpson,38,2851,andrew.simpson@example.com
91,Javier Jarvis,48,3654,javier.jarvis@example.com
92,David Nelson,54,4566,david.nelson@example.com
93,Susan Burton,26,9696,susan.burton@example.com
94,Annette Simmons,37,9056,annette.simmons@example.com
95,Carol Brown,49,9039,carol.brown@example.com
96,Amy Holland,28,4856,amy.holland@example.com
97,Jessica Coleman,56,743,jessica.coleman@example.com
98,Jesse Johnson,27,7471,jesse.johnson@example.com
99,Nichole Flores,41,1357,nichole.flores@example.com
100,Tiffany Morris,50,7956,tiffany.morris@example.com
101,Ryan Humphrey,30,2551,ryan.humphrey@example.com
102,Kenneth Edwards,32,8695,kenneth.edwards@example.com
103,Shannon Hernandez,49,4719,shannon.hernandez@example.com
104,Kristin Black,35,9963,kristin.black@example.com
105,Timothy Johnson,27,7936,timothy.johnson@example.com
106,Danielle Marshall,45,8469,danielle.marshall@example.com
107,Maureen Holmes,56,2283,maureen.holmes@example.com
108,Ann Jones,60,3979,ann.jones@example.com
109,Lori Armstrong,57,3477,lori.armstrong@example.com
110,Linda Serrano,59,2111,linda.serrano@example.com
111,Stacy Rojas,41,1978,stacy.rojas@example.com
112,Brent Stewart,27,1701,brent.stewart@example.com
113,Richard Obrien,32,4656,richard.obrien@example.com
114,Christopher Garcia,49,1859,christopher.garcia@example.com
115,Rhonda Ayala,33,8925,rhonda.ayala@example.com
116,Felicia Rodriguez,45,576,felicia.rodriguez@example.com
117,Christopher Myers,62,3167,christopher.myers@example.com
118,Jason Morris,28,2705,jason.morris@example.com
119,Jennifer Rogers,62,1975,jennifer.rogers@example.com
120,Cody Vargas,23,1612,cody.vargas@example.com
121,Steven Mckinney,20,949,steven.mckinney@example.com
122,Traci Young,41,4569,traci.young@example.com
123,Kim Obrien,49,8740,kim.obrien@example.com
124,Guy Washington,55,4805,guy.washington@example.com
125,Michelle Graves,43,8436,michelle.graves@example.com
126,Kaitlyn Zhang,59,9585,kaitlyn.zhang@example.com
127,Jessica Stevens,27,1555,jessica.stevens@example.com
128,Brittany Vega,20,2029,brittany.vega@example.com
129,Anthony Pham,33,9265,anthony.pham@example.com
130,Laura Greene,19,2258,laura.greene@example.com
131,Lindsey Carr,48,7715,lindsey.carr@example.com
132,Jane Patrick,42,5040,jane.patrick@example.com
133,Timothy Anderson,58,5022,timothy.anderson@example.com
134,Holly Escobar,29,5488,holly.escobar@example.com
135,Kelly Mays,23,7227,kelly.mays@example.com
136,Robert Clark,18,5848,robert.clark@example.com
137,Karen West,40,2783,karen.west@example.com
138,Denise Martinez,55,7695,denise.martinez@example.com
139,Martha Woods,22,3333,martha.woods@example.com
140,Michael White,61,2052,michael.white@example.com
141,Sandy Boyle,36,801,sandy.boyle@example.com
142,Patrick Jackson,27,8783,patrick.jackson@example.com
143,Julie Cruz,32,860,julie.cruz@example.com
144,David Simmons,55,3514,david.simmons@example.com
145,Stacy Johnson,53,3025,stacy.johnson@example.com
146,Alexander Clayton,29,4821,alexander.clayton@example.com
147,Sarah Jackson,59,4993,sarah.jackson@example.com
148,Kelly Smith,41,7780,kelly.smith@example.com
149,Emily Morris,47,4960,emily.morris@example.com
150,Ruth Davis,51,5274,ruth.davis@example.com
151,Stephanie Jones,20,877,stephanie.jones@example.com
152,Ann Blankenship,37,5790,ann.blankenship@example.com
153,Emily Smith,40,8671,emily.smith@example.com
154,Susan Hunter,63,885,susan.hunter@example.com
155,Sara Diaz,39,3792,sara.diaz@example.com
156,Lindsey Jenkins,38,5162,lindsey.jenkins@example.com
157,Cheryl Parks,38,4527,cheryl.parks@example.com
158,Veronica Compton,63,7350,veronica.compton@example.com
159,Ashley Hill,42,1456,ashley.hill@example.com
160,Daniel Wilson,29,577,daniel.wilson@example.com
161,Becky Wilkerson,19,1711,becky.wilkerson@example.com
162,Angelica Thomas,59,6033,angelica.thomas@example.com
163,Antonio Frey,36,8755,antonio.frey@example.com
164,Jennifer Moreno,54,9085,jennifer.moreno@example.com
165,Justin Gallagher,30,4991,justin.gallagher@example.com
166,Brenda Mitchell,54,7718,brenda.mitchell@example.com
167,Victor Walters,59,4736,victor.walters@example.com
168,Kenneth Casey,28,2605,kenneth.casey@example.com
169,Thomas Graham,50,8129,thomas.graham@example.com
170,Kristy Brown MD,49,5955,kristy.brown.md@example.com
171,Rebecca Graham,39,2417,rebecca.graham@example.com
172,Nathan Marshall,49,4774,nathan.marshall@example.com
173,Anthony Gilbert,60,7718,anthony.gilbert@example.com
174,Alexis King,54,1893,alexis.king@example.com
175,Wanda Pratt,21,1269,wanda.pratt@example.com
176,Andrew Savage,30,9932,andrew.savage@example.com
177,Heather Donaldson,60,8499,heather.donaldson@example.com
178,Kristen Flowers,20,2981,kristen.flowers@example.com
179,Rebecca Nelson,57,4305,rebecca.nelson@example.com
180,Rose Hayes,50,7209,rose.hayes@example.com
181,Melanie Frederick,61,5486,melanie.frederick@example.com
182,Tara Rowe,40,8676,tara.rowe@example.com
183,Deborah Tucker,33,8132,deborah.tucker@example.com
184,Ann Reed,25,9160,ann.reed@example.com
185,Colleen Bruce,29,6234,colleen.bruce@example.com
186,Jennifer Bean,39,2747,jennifer.bean@example.com
187,Bobby Norton,45,5873,bobby.norton@example.com
188,Nicole Davis,25,9946,nicole.davis@example.com
189,Destiny Marsh,41,2428,destiny.marsh@example.com
190,Larry Gonzalez,55,1871,larry.gonzalez@example.com
191,Jennifer George,51,6339,jennifer.george@example.com
192,Anthony Hall,24,4445,anthony.hall@example.com
193,Sarah Baker,30,2065,sarah.baker@example.com
194,Angela Fernandez,54,901,angela.fernandez@example.com
195,Renee Boyd,46,8707,renee.boyd@example.com
196,Jeffrey Wilson,24,6378,jeffrey.wilson@example.com
197,Robert Williams,18,6999,robert.williams@example.com
198,Christopher Warner,25,5528,christopher.warner@example.com
199,Grant Shaw,64,7962,grant.shaw@example.com
200,Christopher Wise,20,3921,christopher.wise@example.com
201,Megan Anderson,44,9740,megan.anderson@example.com
202,Michael Garcia,24,7794,michael.garcia@example.com
203,Veronica Castro DDS,29,7245,veronica.castro.dds@example.com
204,Brooke Morgan,37,9701,brooke.morgan@example.com
205,Austin Forbes,58,730,austin.forbes@example.com
206,Leslie Morales,29,526,leslie.morales@example.com
207,Raymond Solomon,24,5622,raymond.solomon@example.com
208,Jonathan Hicks,51,6938,jonathan.hicks@example.com
209,Ronnie Stephens,27,949,ronnie.stephens@example.com
210,David Foster,40,7076,david.foster@example.com
211,Kathryn Perez,34,1430,kathryn.perez@example.com
212,Jessica Fox,34,6769,jessica.fox@example.com
213,Charles Hill,57,1533,charles.hill@example.com
214,Kelly Johnson,62,1007,kelly.johnson@example.com
215,Joseph Smith,59,7038,joseph.smith@example.com
216,Stephanie Garcia,20,5842,stephanie.garcia@example.com
217,Carlos Peters,53,7390,carlos.peters@example.com
218,Jason Stewart,41,7910,jason.stewart@example.com
219,Eugene White,28,4036,eugene.white@example.com
220,Patrick Jones,45,6340,patrick.jones@example.com
221,Carol Hall,53,3956,carol.hall@example.com
222,Melissa Rivera,48,4324,melissa.rivera@example.com
223,Sandra Huff,19,7110,sandra.huff@example.com
224,Christine Martinez,59,4963,christine.martinez@example.com
225,Terrence Novak,39,4099,terrence.novak@example.com
226,Scott Smith,23,9561,scott.smith@example.com
227,Bruce Becker,24,6382,bruce.becker@example.com
228,Casey Owens,59,7854,casey.owens@example.com
229,Paula Anderson,22,4256,paula.anderson@example.com
230,Briana Larson,36,6373,briana.larson@example.com
231,Steven Harrison Jr.,28,6835,steven.harrison.jr.@example.com
232,Victor Gutierrez DDS,18,2315,victor.gutierrez.dds@example.com
233,Clayton Lopez,61,2715,clayton.lopez@example.com
234,Elizabeth Zavala,22,5709,elizabeth.zavala@example.com
235,Lauren Jones,58,6085,lauren.jones@example.com
236,Joshua Sullivan,29,2379,joshua.sullivan@example.com
237,Joseph Williams,33,3743,joseph.williams@example.com
238,Lisa Mitchell,29,7508,lisa.mitchell@example.com
239,Brian Hopkins,22,3126,brian.hopkins@example.com
240,Mitchell Kelly,40,3589,mitchell.kelly@example.com
241,Mrs. Kathryn Short,24,5520,mrs..kathryn.short@example.com
242,Michael Perez,57,3302,michael.perez@example.com
243,Jennifer Johnson,62,7715,jennifer.johnson@example.com
244,April Ramirez,27,5014,april.ramirez@example.com
245,Alexa Harmon,29,4678,alexa.harmon@example.com
246,Michael Frey,36,8478,michael.frey@example.com
247,Frank Clark,53,546,frank.clark@example.com
248,Christopher Thompson,18,9353,christopher.thompson@example.com
249,Sheila Bullock,18,570,sheila.bullock@example.com
250,Paul Butler,54,9350,paul.butler@example.com
251,Lynn Luna,49,6802,lynn.luna@example.com
252,Karen Hill,57,8723,karen.hill@example.com
253,Nancy Figueroa,55,6986,nancy.figueroa@example.com
254,Robin Aguilar,46,9469,robin.aguilar@example.com
255,Michael Stevens,23,4844,michael.stevens@example.com
256,Ian Ibarra,44,670,ian.ibarra@example.com
257,Earl Smith,33,4038,earl.smith@example.com
258,John Payne,45,7749,john.payne@example.com
259,William Baker,28,6249,william.baker@example.com
260,Robert Smith,23,4053,robert.smith@example.com
261,Joe Payne,35,4295,joe.payne@example.com
262,William Sanford,33,5062,william.sanford@example.com
263,Joseph Lang,39,2672,joseph.lang@example.com
264,Suzanne Gibson,56,4821,suzanne.gibson@example.com
265,Erin Mora,40,5230,erin.mora@example.com
266,Joshua Rivera,56,9802,joshua.rivera@example.com
267,Mariah Brown,25,6580,mariah.brown@example.com
268,Erin Love,62,7143,erin.love@example.com
269,Holly Miller,51,5820,holly.miller@example.com
270,Kristin Robertson,41,7901,kristin.robertson@example.com
271,Brandon Johnson,31,4806,brandon.johnson@example.com
272,Tammy Day,64,2294,tammy.day@example.com
273,Jason Williams,57,5444,jason.williams@example.com
274,Tracy Chung,61,8667,tracy.chung@example.com
275,Christopher Phillips,42,6090,christopher.phillips@example.com
276,Daniel Young,48,2458,daniel.young@example.com
277,Patrick Scott,18,5839,patrick.scott@example.com
278,Shane Tucker,51,956,shane.tucker@example.com
279,Mrs. Christina Spencer DDS,22,9693,mrs..christina.spencer.dds@example.com
280,Susan Hall,47,2302,susan.hall@example.com
281,Michael Brown,54,3132,michael.brown@example.com
282,Rick Nguyen,31,5799,rick.nguyen@example.com
283,Heather Jennings DDS,45,6575,heather.jennings.dds@example.com
284,Melissa Camacho,24,3637,melissa.camacho@example.com
285,Erica Sexton,52,9314,erica.sexton@example.com
286,Heather Sutton,59,878,heather.sutton@example.com
287,Erin Fuller,51,5837,erin.fuller@example.com
288,Sarah Johnson,50,9369,sarah.johnson@example.com
289,Colin Bradley,23,2150,colin.bradley@example.com
290,April Hopkins,47,9898,april.hopkins@example.com
291,Heather Greene,57,2096,heather.greene@example.com
292,David Carter,34,3580,david.carter@example.com
293,John Martinez,54,5670,john.martinez@example.com
294,Jennifer Fitzgerald,25,1884,jennifer.fitzgerald@example.com
295,Emma Wallace,29,2984,emma.wallace@example.com
296,John Franco,41,2625,john.franco@example.com
297,Nicholas Bartlett,38,3182,nicholas.bartlett@example.com
298,Christopher Mitchell,51,6364,christopher.mitchell@example.com
299,Reginald Lambert,53,1073,reginald.lambert@example.com
300,Joseph Petersen,39,9320,joseph.petersen@example.com
301,Carrie Hughes,62,4107,carrie.hughes@example.com
302,Monica Williams,22,6540,monica.williams@example.com
303,Jennifer Hull,24,4286,jennifer.hull@example.com
304,Jennifer George,36,4611,jennifer.george@example.com
305,Brooke Werner,53,4684,brooke.werner@example.com
306,Lisa Wallace,50,2378,lisa.wallace@example.com
307,Emily Spence,42,4857,emily.spence@example.com
308,Kimberly Phillips,38,4754,kimberly.phillips@example.com
309,Brandy Jackson,26,9161,brandy.jackson@example.com
310,Alicia Stewart,26,5848,alicia.stewart@example.com
311,Lauren Kelly,47,7924,lauren.kelly@example.com
312,Brandon Howe,29,8440,brandon.howe@example.com
313,Michael Bowman,37,1004,michael.bowman@example.com
314,Maria Doyle,34,4555,maria.doyle@example.com
315,Michael Smith,27,718,michael.smith@example.com
316,Anthony Ashley,63,2467,anthony.ashley@example.com
317,Michael Kent,36,3236,michael.kent@example.com
318,Jonathan Perez,20,1019,jonathan.perez@example.com
319,Randy Young,48,1329,randy.young@example.com
320,Natalie Garcia,54,7759,natalie.garcia@example.com
321,Laura Foster,19,5966,laura.foster@example.com
322,Bill Armstrong,63,2594,bill.armstrong@example.com
323,Roger Sutton,63,9219,roger.sutton@example.com
324,Theresa Jones,62,9684,theresa.jones@example.com
325,Gary Miller,49,9876,gary.miller@example.com
326,Rebecca Sanchez,61,2143,rebecca.sanchez@example.com
327,Beth Gonzalez,53,7306,beth.gonzalez@example.com
328,Cynthia Martin,58,5698,cynthia.martin@example.com
329,Allison Rivera,39,7417,allison.rivera@example.com
330,Lance Estrada,18,2455,lance.estrada@example.com
331,Laurie Noble,39,2682,laurie.noble@example.com
332,Justin Pace,43,6277,justin.pace@example.com
333,Daniel Haynes,37,3968,daniel.haynes@example.com
334,Jessica Odonnell,55,1562,jessica.odonnell@example.com
335,Peter Sutton,36,4825,peter.sutton@example.com
336,Cynthia Potts,52,2732,cynthia.potts@example.com
337,Casey Hill,37,4936,casey.hill@example.com
338,Stephanie Dunlap,53,4954,stephanie.dunlap@example.com
339,Laurie Dixon,54,9052,laurie.dixon@example.com
340,Tracy Baker,18,4082,tracy.baker@example.com
341,Sydney Robinson,58,9295,sydney.robinson@example.com
342,Sean Howard DVM,61,602,sean.howard.dvm@example.com
343,Ryan Monroe,54,599,ryan.monroe@example.com
344,Marcus Marquez,46,9382,marcus.marquez@example.com
345,Ellen Chavez,49,6356,ellen.chavez@example.com
346,James Martin,43,7636,james.martin@example.com
347,Ryan Olson,63,7413,ryan.olson@example.com
348,Devin Cummings,35,9912,devin.cummings@example.com
349,Crystal Barrera,57,3148,crystal.barrera@example.com
350,Brittany Knox,44,7092,brittany.knox@example.com
351,Devon Bush,18,9371,devon.bush@example.com
352,Dustin Richardson,51,1134,dustin.richardson@example.com
353,Lisa Williams,49,4017,lisa.williams@example.com
354,Robert Vega,57,8035,robert.vega@example.com
355,Ashley Mckinney,29,8944,ashley.mckinney@example.com
356,Joseph Burton,64,3640,joseph.burton@example.com
357,Rachel Rollins,41,9238,rachel.rollins@example.com
358,Joshua Schroeder,55,2492,joshua.schroeder@example.com
359,Robert Rivera,47,5106,robert.rivera@example.com
360,Felicia Wilson,58,5593,felicia.wilson@example.com
361,Sydney Hill,24,5062,sydney.hill@example.com
362,Terry Jenkins,24,9438,terry.jenkins@example.com
363,Crystal Floyd,57,9181,crystal.floyd@example.com
364,Sheila Rojas,61,8207,sheila.rojas@example.com
365,Kevin Morales,53,7481,kevin.morales@example.com
366,Sharon Spencer,57,1930,sharon.spencer@example.com
367,Alexandria Hughes,36,4480,alexandria.hughes@example.com
368,Robert Smith,34,4774,robert.smith@example.com
369,Jason Perry,39,4481,jason.perry@example.com
370,James Arnold,56,6447,james.arnold@example.com
371,William Carroll,21,6098,william.carroll@example.com
372,Garrett Lang,39,7876,garrett.lang@example.com
373,Marcus Murray,56,1507,marcus.murray@example.com
374,Elizabeth Zamora,50,8414,elizabeth.zamora@example.com
375,Matthew Taylor,18,3728,matthew.taylor@example.com
376,Jessica Moore,41,8039,jessica.moore@example.com
377,Brittany Mora,23,7870,brittany.mora@example.com
378,Ricky Thompson,61,1434,ricky.thompson@example.com
379,Jeffrey Haynes,32,2930,jeffrey.haynes@example.com
380,Jacqueline Solomon,18,1546,jacqueline.solomon@example.com
381,Pamela Medina,40,2172,pamela.medina@example.com
382,Melissa Griffin,36,9328,melissa.griffin@example.com
383,Anna Werner,43,2956,anna.werner@example.com
384,Roger Smith,42,5977,roger.smith@example.com
385,Rachel Clark,26,7267,rachel.clark@example.com
386,Clarence Hammond,57,3582,clarence.hammond@example.com
387,Randy Ortiz,46,4126,randy.ortiz@example.com
388,Leah Torres,61,4283,leah.torres@example.com
389,Hector Wells,55,5115,hector.wells@example.com
390,Gabriel Bradford,60,4323,gabriel.bradford@example.com
391,Jerry Jackson,62,9066,jerry.jackson@example.com
392,Tiffany Carter,26,5504,tiffany.carter@example.com
393,James Wood,33,9756,james.wood@example.com
394,Ashley Jones,20,7165,ashley.jones@example.com
395,Marie Nelson,49,2048,marie.nelson@example.com
396,Maria Martinez,21,2148,maria.martinez@example.com
397,Debra Patel,64,1497,debra.patel@example.com
398,Joshua Walker,45,9161,joshua.walker@example.com
399,Scott Mcguire,18,3966,scott.mcguire@example.com
400,Victoria Wilson,29,8294,victoria.wilson@example.com
401,Gregory Hudson,39,5163,gregory.hudson@example.com
402,Daniel Bush,33,7960,daniel.bush@example.com
403,Kelsey Austin,64,5853,kelsey.austin@example.com
404,Cheryl Jones,48,8324,cheryl.jones@example.com
405,Michael Spencer,34,3925,michael.spencer@example.com
406,Scott Cook,33,2048,scott.cook@example.com
407,Destiny Chambers,61,2306,destiny.chambers@example.com
408,Erika Schwartz,25,614,erika.schwartz@example.com
409,Andrew Cruz,21,4156,andrew.cruz@example.com
410,Amanda Hahn DVM,33,2571,amanda.hahn.dvm@example.com
411,Jonathan Medina,39,9208,jonathan.medina@example.com
412,Mary Torres,58,5791,mary.torres@example.com
413,Harold Deleon,27,3962,harold.deleon@example.com
414,Margaret Martinez,62,1344,margaret.martinez@example.com
415,Christopher Taylor,20,9562,christopher.taylor@example.com
416,George Klein,35,3495,george.klein@example.com
417,Ryan Arnold,50,4335,ryan.arnold@example.com
418,Amy Mckay,37,9472,amy.mckay@example.com
419,Matthew Carter,46,7141,matthew.carter@example.com
420,Jonathan Harvey,57,8429,jonathan.harvey@example.com
421,Debra Walker,30,2170,debra.walker@example.com
422,Todd Ross,26,4745,todd.ross@example.com
423,Donna Fuller,32,9182,donna.fuller@example.com
424,Brian Gonzalez,23,4634,brian.gonzalez@example.com
425,Jared Hale,22,1366,jared.hale@example.com
426,Ashley Williams MD,34,9683,ashley.williams.md@example.com
427,Lori Glass,52,5665,lori.glass@example.com
428,Michael Edwards,44,1337,michael.edwards@example.com
429,Megan Guerra,37,705,megan.guerra@example.com
430,Deanna Roberts,56,6310,deanna.roberts@example.com
431,Kristopher Butler,39,3080,kristopher.butler@example.com
432,Monique Stephens,63,8654,monique.stephens@example.com
433,Erin Ryan,40,1146,erin.ryan@example.com
434,Kayla Garcia,22,1290,kayla.garcia@example.com
435,Kevin Morrow,30,4391,kevin.morrow@example.com
436,Sandra Young,49,3170,sandra.young@example.com
437,Anna Lester,38,6881,anna.lester@example.com
438,Lynn Christian,43,9914,lynn.christian@example.com
439,George Turner,22,5007,george.turner@example.com
440,Andrew Lee,30,1528,andrew.lee@example.com
441,Walter Winters,26,9295,walter.winters@example.com
442,David Fuller,60,515,david.fuller@example.com
443,Brandon West,42,2456,brandon.west@example.com
444,Andrew Butler,59,9607,andrew.butler@example.com
445,Kayla Thomas,44,7232,kayla.thomas@example.com
446,James Good,57,5883,james.good@example.com
447,Andrew Harding,53,8830,andrew.harding@example.com
448,Megan Hughes,36,1118,megan.hughes@example.com
449,Michael Fuller,38,8940,michael.fuller@example.com
450,Andre Chen,42,711,andre.chen@example.com
451,Eddie Gonzalez,43,5225,eddie.gonzalez@example.com
452,Lisa Wright,33,6353,lisa.wright@example.com
453,John Garrett MD,19,2501,john.garrett.md@example.com
454,Richard Smith,28,4570,richard.smith@example.com
455,Mario Smith,64,3726,mario.smith@example.com
456,Jason Odonnell,24,8313,jason.odonnell@example.com
457,Deborah Webb,30,7745,deborah.webb@example.com
458,Steve Mcmahon,51,1139,steve.mcmahon@example.com
459,Thomas Harris,52,7000,thomas.harris@example.com
460,Jessica Scott,24,2736,jessica.scott@example.com
461,Thomas Zamora,34,5222,thomas.zamora@example.com
462,Christina Smith,64,3104,christina.smith@example.com
463,Michael Montoya,43,7049,michael.montoya@example.com
464,Renee Jenkins DDS,53,9315,renee.jenkins.dds@example.com
465,Kevin Bryant,46,9963,kevin.bryant@example.com
466,Dr. Walter Nolan DDS,24,9355,dr..walter.nolan.dds@example.com
467,Lynn Snow,36,619,lynn.snow@example.com
468,Shannon Lopez,37,2352,shannon.lopez@example.com
469,Jerry Thornton,20,692,jerry.thornton@example.com
470,Sarah Taylor,62,9256,sarah.taylor@example.com
471,Leroy Bush,27,5029,leroy.bush@example.com
472,Robert Payne,38,4668,robert.payne@example.com
473,Carly Carlson,60,3470,carly.carlson@example.com
474,Dana Zimmerman,19,1795,dana.zimmerman@example.com
475,Christopher Smith,25,4164,christopher.smith@example.com
476,Sergio Perry,25,6421,sergio.perry@example.com
477,Haley Johnson,61,5004,haley.johnson@example.com
478,Amy Crawford,21,4630,amy.crawford@example.com
479,Peggy Moran,56,7931,peggy.moran@example.com
480,Sarah Edwards,22,6649,sarah.edwards@example.com
481,Rodney Harrison Jr.,58,5410,rodney.harrison.jr.@example.com
482,Cynthia Hunter,53,7700,cynthia.hunter@example.com
483,Kyle Contreras,44,786,kyle.contreras@example.com
484,Yesenia Parker,32,8364,yesenia.parker@example.com
485,Dr. Mary Cross,20,1693,dr..mary.cross@example.com
486,Christopher Washington,26,8649,christopher.washington@example.com
487,Teresa Murphy,18,6570,teresa.murphy@example.com
488,Wendy Davis,40,5048,wendy.davis@example.com
489,Tara Lynch,58,6549,tara.lynch@example.com
490,Amber Wang,56,692,amber.wang@example.com
491,Gregory Brown,35,9263,gregory.brown@example.com
492,Jennifer Williams,58,4460,jennifer.williams@example.com
493,John Taylor,21,8777,john.taylor@example.com
494,Sarah Valencia,62,8735,sarah.valencia@example.com
495,Kimberly Perez,33,7368,kimberly.perez@example.com
496,Kristopher Williams,55,3927,kristopher.williams@example.com
497,Cindy Clay,20,7202,cindy.clay@example.com
498,Kathryn Rodriguez,39,5492,kathryn.rodriguez@example.com
499,Claudia Martinez,42,3568,claudia.martinez@example.com
500,Shelly Stanley,31,4431,shelly.stanley@example.com
